{"accelerometer": {"106": {"setup": [[24, 1], [16, 80], [17, 80]], "accreg": [[40, 41], [42, 43], [44, 45]], "gyroreg": [[34, 35], [36, 37], [38, 39]], "gyroscale": 0.00875, "accbias": [[6.10987778e-05, -0.00369227774], [6.09998042e-05, -0.00851929284], [6.04545451e-05, -0.0064895336]], "gyrobias": [11.367, -31.793, -24.028]}, "magnetometer": {"28": {"setup": [[32, 96], [32, 28], [33, 0], [34, 0], [35, 12]], "magreg": [[40, 41], [42, 43], [44, 45]], "magbiasa": [[0.000344057751, 1.99840401e-05, 1.55847712e-07], [1.99840401e-05, 0.000362689168, 9.02826449e-06], [1.55847712e-07, 9.02826449e-06, 0.000333093676]], "magbiasb": [[-757.24783875], [2323.69419632], [-151.7957312]]}}}, "motor": {"elevation": [24, 25, 8, 7], "azimuth": [12, 16, 20, 21]}}