{"accelerometer": {"106": {"setup": [[24, 1], [16, 80], [17, 80]], "accreg": [[40, 41], [42, 43], [44, 45]], "gyroreg": [[34, 35], [36, 37], [38, 39]], "gyroscale": 0.00875, "accbias": [[6.10987778e-05, -0.00369227774], [6.09998042e-05, -0.00851929284], [6.04545451e-05, -0.0064895336]], "gyrobias": [11.367, -31.793, -24.028]}}, "magnetometer": {"28": {"setup": [[32, 96], [32, 28], [33, 0], [34, 0], [35, 12]], "magreg": [[40, 41], [42, 43], [44, 45]], "magbiasa": [[2.94134757e-04, 1.40701661e-05, -9.91127349e-06], [1.40701661e-05, 3.22146440e-04, 1.62497553e-05],[-9.91127349e-06, 1.62497553e-05, 2.85729891e-04]], "magbiasb": [[-358.59160649],[85.04947368], [-952.36054747]]}}, "motors": {"elevation": [24, 25, 8, 7], "azimuth": [12, 16, 20, 21], "elevationratio": -120, "azimuthratio": -3, "elevationmax": 45, "azimuthmax": 18}}